{"cameraMode":{"drawMode":0,"name":"Shaded","section":"Shading Mode"},"sceneLighting":false,"audioPlay":false,"sceneViewState":{"m_AlwaysRefresh":false,"showFog":true,"showSkybox":false,"showFlares":true,"showImageEffects":true,"showParticleSystems":true,"showVisualEffectGraphs":true,"m_FxEnabled":true},"in2DMode":false,"pivot":{"x":0.5044801235198975,"y":0.9548670053482056,"z":-0.2085128128528595},"rotation":{"x":0.38351142406463625,"y":0.08570078760385513,"z":-0.0357697419822216,"w":0.918855607509613},"size":2.4842021465301515,"orthographic":true}