{"cameraMode":{"drawMode":0,"name":"Shaded","section":"Shading Mode"},"sceneLighting":true,"audioPlay":false,"sceneViewState":{"m_AlwaysRefresh":false,"showFog":true,"showSkybox":true,"showFlares":true,"showImageEffects":true,"showParticleSystems":true,"showVisualEffectGraphs":true,"m_FxEnabled":true},"in2DMode":false,"pivot":{"x":7.085784912109375,"y":13.450723648071289,"z":-31.747318267822267},"rotation":{"x":0.2763180434703827,"y":-0.3099138140678406,"z":0.09464573115110398,"w":0.9047915935516357},"size":20.737884521484376,"orthographic":true}